,train,val,test
0,44969550-C510-4072-8581-C67867905364,8D70A1E2-EC13-41E0-8978-F52B71FD13AE,25DC6BA9-A0C9-4A5F-9558-24E04D2F553F
1,D53B0242-4C29-46E3-9FA6-747D6F4A45CD,D9A24790-E846-45DD-80E2-80A94056F847,42597D71-B97D-4384-91C4-A39EC66C136C
2,D003E2E1-1D28-4DC4-90A5-A112B09EB31F,327CA9E5-64A3-4CE2-83CF-4556510B1355,7E1CD0F5-1C25-4D23-8468-327873095BE5
3,A3E2EF7C-75C7-4E27-B6A9-671DC93573AB,532D5AB3-7F95-4A32-BC95-547F9675FC05,3458F34F-A3B8-421B-90B3-ED8305A7A1B2
4,654ED03B-C4AD-425B-9552-6E2FE01D2E09,AB8F0576-E7BA-4B42-BFAB-FB3EA5449ED1,0EBA08F4-CE64-486B-B366-85C3B92F9A5E
5,8DC5EBB3-432C-4E49-9F58-43B04B0C6D4C,ADA1A8CD-5BD2-4C16-B4F5-217300F65CCD,231089FB-8DD0-45E7-8E07-577EB35F7E11
6,51AF5680-18AB-498E-BB3A-9DC442F32DC9,9F1979FD-D18B-4CC1-BD2B-864B1D5CDF18,CBF43FDE-FD84-4867-8E78-35DDF4FF10F7
7,AD2AFFB4-AA16-4BB1-96C4-F7973595BC56,30906F4F-4827-43ED-B809-28CF74186506,807A147A-9D34-467C-ACCF-8B17EE7D7C73
8,FE83B53A-4E2D-4CC2-9078-CFA26A0484A3,9DAEE833-7601-4250-8A42-39B4DD64DA27,7297890F-DCD4-4B5F-93B7-C744A0F580E5
9,FF36FC08-C989-4EB2-9541-EAE8A5B65D8B,1463DF13-1438-49A9-B25F-A73421A658EC,DC11EDD6-8A0B-44D2-9EAB-EE7D133790FA
10,9BE775E0-9FE8-420E-B286-BB201D48C39C,3789D8FE-E864-46F9-99B3-2B554D296B5F,0E547921-2724-4464-8525-B18A4EBA7D0B
11,773B2C75-8322-4AEF-AB99-2C1820202C02,2B429AC0-AAD1-46A2-8500-FF36AC23FC9C,4BBB6260-0B09-4384-BB6B-75F616439324
12,CC70B0ED-4B3D-4C6B-89D7-27EEEA45EC95,78F39AEC-EAB7-48D0-9C7F-EAB72F515113,21B8BC80-DA89-4897-A30E-7526F717B49E
13,4FFB4E01-0481-4FFB-BF2E-F2E1C7D41F0B,A5FD793F-B750-44AF-8230-00122572C6FF,7438EC80-BE3B-4BF8-86CF-3A00A8131A0B
14,223733CB-8797-4792-97F6-AA7DAA3F69A3,EBDCB806-A724-42CE-8FAC-74F643A6F6CD,86D73F62-82A7-452F-AC99-18A4C8ADD7CB
15,EA8C1B90-20CC-4DF5-8E38-49236E4BD277,D6E2BBA4-7318-4800-BD4E-14450AAE64D3,62D571C0-45F2-474C-A9C9-6437ED4666F1
16,4B91460F-89EB-41E0-B87C-D4BADFDA56F3,6FB7E81A-ADA6-4AC1-B110-F0FB74C448B5,12841E65-5321-41EA-A109-EF7FAEB73636
17,8229F42F-F12B-4416-96E9-4AC6B8CACC1B,0CCFAF9A-21A1-4F9C-A550-AC2B51403C20,0EF25EEA-84F0-46BE-B048-D49CFF94F2F0
18,13F9113C-FC2E-4EE6-B3F1-63738BDADD6E,EF8E3A9F-03D1-45B7-865B-C74E000A9230,4986F50B-9D77-4859-8E7C-B6D963E9FDA1
19,175DF508-EEE8-4B0D-B7BF-03237C177CE9,B0A7C0D7-43F7-42E0-9505-D9598232F04F,71740A18-319E-41E4-9DED-23412940A620
20,F2CA71F8-5D7B-4E47-BAC4-872DA3A73F1A,B1BF1AB7-63A7-4CA0-9030-81D406E446A1,39D8F49C-E59D-4F3F-90A8-CE8B761B4C38
21,B8AD09F6-9ADE-4C38-AF7C-20E9EBA83DFF,A5274412-5F6D-4EB4-A2E1-19B826F9870F,3CE4A8B6-E2F4-4439-AEF0-935B661EFDAF
22,64E8B24E-1FEB-4DEB-9D03-82E9F1995954,654465F2-A638-4535-BCEF-9B8937387B95,C583228E-F74C-4E94-A100-4D879381438B
23,16ABB3B1-4289-4A33-B4E2-0776D410B739,912A4295-45F1-4BBB-88BD-B0834E449A04,B4574A55-6CC4-4CE8-86F1-19E65C03EB28
24,A89E596C-51BA-4350-9D18-1F8DD830106B,2C51B008-64C1-4450-944F-0CCE5FAA171B,9C70DEAD-A1CC-40C8-9479-4500ABD2C669
25,8337174C-A225-4A7F-B4EE-9DE283A1E6E5,5F9BF5C2-4CF7-4F44-A06A-6B1092B236F4,D63BADE9-DCEA-4D01-ADD3-277E449545B6
26,91D44AD0-1554-4B01-A790-E82F22825608,A1115979-0C27-4F4C-B704-24C3A1BD1427,194D9CF7-C2D6-4DB4-8805-007B9B6C482A
27,7B879699-9A02-46F7-A557-DE2B85FFEB89,2041CD05-8328-4B44-B6F0-C30E687DD4F7,0E222008-B4D6-491A-B932-1BFDCF20EFEF
28,328C2C84-26F8-4044-A6E8-6B7D1FDD3DA4,226CBD2D-9FD9-4238-8435-70373023346B,9501617B-00A3-4E02-B8A5-6B7B615F5007
29,FF4B3DF2-F428-4C47-A170-56B3D26EEEFB,F361E8A9-E113-40D5-85E5-DD77B1A4DE43,C7D5FB24-A19E-4D0B-A4D4-FDE8C3404DBD
30,2B679E95-03D5-49EC-9FF9-8150554C6084,66D7C0AC-AEAB-4C1B-AD14-2170E7A71225,609763A7-7AFB-4379-89CA-94152511FED1
31,C9121957-D668-442D-8FC6-43F18EC98C55,9799A7F5-173B-4410-B7B4-6C0FC3020AAC,7201861B-D8AC-4E8D-9003-2BE4E3E95CC1
32,DF59DD35-77EE-4CCD-8487-7E5283C4414F,0ECCD31B-A08D-4A3A-A064-D331E6B19723,2598B650-FEB7-408D-943C-5802092C81F1
33,81D39D32-6A57-49AA-B72A-C7E0900B88B6,D75662C9-7600-4A55-9DFA-E1FF4E086587,92D53376-D4FA-42DD-8706-FA3A173F0FB0
34,AEECFA30-DD10-4A85-AB81-3A2FDD094DE3,9B41CBB3-F7C7-4FFB-AA6D-152EFAE44092,EF3EF99A-89FE-4972-97B2-1403862C017C
35,EB07E768-6F98-46D0-9092-74F97300F49C,9CDA69FA-FBF2-42E4-B2E7-57B8E2D72F1B,91D2B150-23F7-4D84-9D9C-9C7E9132CE3C
36,EF51ACD6-2916-46C9-82B1-322FE6479E6F,DBA5CA4E-8281-4E94-A0BC-6C413AE67433,8A37CCEC-47DF-460D-88EC-363322D700DC
37,355F8423-E34E-4062-A935-B7DDC9BF4CC2,16C29D2B-7006-4E41-8E62-A471A0D3B2A0,AD4F5DC8-A149-47F1-A55B-7B5E93D6F117
38,E9025DC4-9CC1-4292-A1F0-E8A10BAEDB42,BA545210-52B7-4FA3-A118-64EB09EA3762,C0C5E568-2371-4844-B9F8-59F492C60152
39,7E1FFBE4-D362-4318-8827-E5F552D080D8,90263E1F-50A6-4F19-BA21-6DF8A01D7348,CC3DBFA8-FB93-43A6-B0BB-21A2AF6F4B21
40,D4E2E229-F6CB-4EAB-911C-326481014FFA,B5ACA4BC-4B0F-4682-9270-19B816ACEC10,41A26D44-227B-4745-A6A9-56BFB7A2371E
41,CD30AF9F-9C07-4AAA-A3CB-E41701BD0F6C,9A9F4B83-DA1A-4C05-B11A-0752E5F1C422,0ECB5417-75D7-4D69-87A1-7D9FA96981E5
42,371E2512-61DC-401E-9340-3FCF046A79F3,636468D7-843E-42CB-A478-99B2C6876585,A383097B-DE9C-40DE-92CF-8A02F6C75AAF
43,C25B2C16-79D7-4D38-838C-5A23CEA7B975,9036EF73-394E-4627-B545-F2856AE8F112,8FCC7625-F54F-4FDB-9E35-3839CB6E7579
44,AAD99383-BFF5-4071-8488-F600FBCDE06C,9AF6BBD4-ABA1-4F23-A6E2-C69417402659,99DC99C1-B9B7-4A2E-B561-CC42E72DEAA8
45,EED2BF6E-9C39-42CD-8112-55D5F1A5E2A1,5F29BC16-41DA-4F1B-9362-3A0EA548E180,DD2721BE-F1A0-4440-B84D-12B31158B83F
46,C20A02CA-2D06-4F23-AEC7-97D0FCAC34C4,D4D32D5E-23BC-4D44-A912-8A220B11CAFF,8F5C35EC-6727-4A67-9CB7-7B9305CC1C28
47,38B58C04-B17D-4FA7-B275-6C266ECCB327,565F65F8-3BDD-4B95-B03F-52194F7BA5AC,7D8574DE-91E5-46AD-A7E6-95C320160FE7
48,5D1F833E-51BF-403A-A21A-FC13DD617BB2,F61B55B8-E91D-4972-81DC-270067DD6D86,E7BFADD4-1095-41DF-93E9-DFB66B84E87C
49,E270491E-6023-4246-8FEC-1F0EF4F685FD,A2140954-930A-446D-B9F6-F398EA4EA09E,CD39FBC9-2FA8-4F33-87F0-FED3BFD0F772
50,DFC6E288-FB46-4289-938E-D65B7EFF652B,5125D0F0-D962-484E-AA41-5713163B8BB8,E284AFBE-131D-432B-AA4A-2A241ADA9FCB
51,86861524-F4C5-4A62-B254-420A89CC43D7,AC51C049-78D1-4E36-BB87-40EA68EDC5C9,F8313EDD-DAE7-4ED1-AF79-C1CA4C5F389B
52,5A660361-D8B9-4FDF-864F-896F0A01148C,F384DD52-53C2-40F2-8939-F5B631955436,2A4EE845-0CF8-4788-AD3E-A958666C5F9E
53,12B58B3C-9C0C-4D20-8E3C-78BDA4F8AFB3,92B66650-CE30-4E7C-A30A-7BAF682BFA73,7EC819BF-61CA-4924-91B1-D05A5724D2E8
54,B40F3960-78F6-43D6-BD53-608698D254EC,E361927E-4985-43B4-95C2-B9629BA2A38E,57F1D507-3279-4767-A320-2631E7EE3ABE
55,FE863160-EB44-4D15-B4FC-C2521F2A1BD7,94ABE04F-C68F-4343-9897-8FD21CE68BA6,8AA0A98C-4BCB-4D19-91D2-BD1270A09F17
56,2D293FFC-36EC-4A21-9973-82035B1C96D8,04C2C329-D1AA-4754-BCBA-B8517D40C584,4B17C109-7100-41E5-BE91-E52551D80556
57,17BEAEAC-5096-4C2F-BFED-8A64551B5CC2,BAEF5546-DCE3-4C12-A3A8-2C0827288B10,2E011845-DD1C-4693-9918-3482F7E500FE
58,D89E753A-346A-4660-9FCB-E67D0C096630,A1C691A0-113B-4DDC-84EE-8AE418D5431C,72F6C6F5-2F64-4A0A-B0B9-E6888BB4C02B
59,2CD234CC-8A61-49B8-96A5-033DC47B2116,73AD5C28-D092-472A-8CA1-F4C6548941D0,C86F90B1-4A31-494C-B7E0-595D2ED922AF
60,C31D086E-01CC-4201-BAF7-E0E403372375,71F25351-8B57-4D08-838B-94A0C936CD87,D29CE6E1-55C8-4C15-A7BA-6CA699CFA0EE
61,6C90CA28-1E99-4914-82FC-454D922E992C,1EEE9780-4C72-4838-B874-5E8ED694A24D,766FBEF1-34B4-42FA-AD1D-49280A3C42AD
62,C0BA2F62-A84F-4B87-A992-545734C51D02,41152145-8C13-4909-96CD-C1E2F727B909,1FD258FA-567C-47A5-8D93-5FE4516891FB
63,CD5E3F15-B78B-44F2-9E62-D683613109A2,D425451B-F317-4B89-8268-F198B39ECACD,50CFBF95-77C4-4DDD-8D7E-251F21BF69A8
64,59306C00-D6DC-44BD-AA60-087A1843EEAB,6F0FA258-0EDC-414E-90B0-F3DAE2595572,626643DA-5809-4443-B297-8553BA5431E8
65,432D5D67-B689-4CBF-A5AD-8CBD2900851F,CC3ADE61-30CF-4592-B0D6-23C668D34675,E339C76B-DE9C-4D0F-B472-178BBF3DD0DB
66,B268032F-85A5-4690-AE66-C3E308FC67A9,682C1DBE-E20A-448A-89E8-EF47001E31F8,12B677AF-2314-490B-BFBF-1577D1D41AD3
67,3C3ECFC3-7D43-4FB2-8ABB-52BBAC86A369,D484F10E-4C96-4238-821E-A15E0418CF8F,716FE663-23A1-4121-A60F-EC1C830B6163
68,81FA25AB-3C4D-4F2D-A25E-3906753E4CA6,23AB34AE-7E61-4A3A-BFA2-9ACAEE272D91,1CCBC82C-8B70-4C3A-859D-8C11AAD5D1BE
69,8F81C494-8B74-4EEE-98C8-0BF1057D390A,216030A7-5805-4606-B816-B23DC6EB4DE4,1D4AAEE9-DDF3-4DD3-A676-06ED40B6499E
70,CEFD1888-874E-41CC-9587-587F1462DA98,BE2047ED-257B-4B85-82DB-3B3F20F4C4B9,FB91FB34-133D-4B4F-84E4-A7E4A3E7AB94
71,A29A5D80-097B-4565-896E-00B1C4F20A21,C98FAF6D-D8F8-4660-BE09-A267DBB5CE98,BBBB1BB3-A1D9-4578-89D8-F796EB65ABF3
72,A6B02B71-DCE7-4979-AAF6-4F1B3A70E5F6,2E334F12-1807-49ED-8B0F-55F5C86D4860,46F4CF58-9CAF-488D-B5A1-33F81D876B43
73,316DD427-38E5-4B6B-A4D8-7DBEAA0D9408,BC5A5C22-4FCD-4377-B122-952D68D6C320,A74FB496-F110-4EDB-A86F-BAD74E505E23
74,D26EB975-5C2D-4DC7-A218-EC07B1D60BEC,,
75,CCFAE25C-1552-4B36-A65E-2729483A3C05,,
76,8F917958-48EB-4537-A9A7-2BC9FF743377,,
77,2B6B3063-1D6F-481E-84FA-99BF2B32D019,,
78,9B56B6D6-791F-4F44-BBDF-37CC37BD1B49,,
79,D6F8B9A6-FD94-47D6-BD99-80F04B74D7F9,,
80,39B18AFA-A5F2-4EAD-A4EB-42B0055D819A,,
81,D128A7E5-5D60-4A7C-A0E5-3A50C5A48D8A,,
82,9D61650F-25B0-45A0-A0B8-1E93F7596CA3,,
83,C64F38CA-30FF-4813-99B8-87987A7FFA7A,,
84,6BDB00EB-E072-40CE-B30A-55320015021E,,
85,7FA5FEDF-81E7-4FBF-859A-A588388F00C3,,
86,9D88F20C-1498-4363-A38C-1F079829066D,,
87,D66FB680-7CD2-4C3F-8D9E-2E931B573D25,,
88,CE0403C1-739C-4E58-83DB-606D96BF5993,,
89,A3E6ED81-41DD-4447-80BB-CDFE467BDB4B,,
90,7EBE7F0D-4FF9-4AEA-B247-84B9F2B3ADE9,,
91,A6CE4A88-C3B7-4510-92DB-78CA0A739DE5,,
92,AA0FD20B-9F3F-4B6A-AD65-6E97EAB1DEC2,,
93,83E48A89-175C-4D0A-BDEC-00FCEBB28753,,
94,BDA71B29-A4CE-48D3-94A9-D0F5F6043077,,
95,EE8237B7-D026-43FF-A373-1D7F159D6ABB,,
96,2A756683-B3A0-4444-ABFD-4CB518B4E24B,,
97,5BA5B953-7C9D-41E8-B49A-467AD93511D6,,
98,A1BB4207-D643-43EE-9459-C2128B8F36CB,,
99,418560C8-467B-4932-9DF6-0E3B61F55958,,
100,1AF963D5-013D-4110-8215-4BF6582BDCFA,,
101,78BD27D8-41EE-442E-87F3-BD449752A0A2,,
102,C6E37B13-9DA0-4CB7-8259-328FCB181EFB,,
103,BEFDE2A1-3D33-4C38-9867-5CE5A9864531,,
104,6928FC65-BD60-4A66-9F66-B225008BAAD8,,
105,0C42C1AA-DD2E-4512-85E5-54CE076612BA,,
106,7BB9F822-8C0D-4A0B-B077-AE55700E1790,,
107,B873809C-A489-403E-ADDC-C8D5CB1F8698,,
108,322E0443-5025-4177-A645-D6C00F035F62,,
109,33B69B72-383E-459A-8A86-97C1A31D2579,,
110,7415C2DE-2BE4-457B-B5B7-30EBEECA4BB5,,
111,E3E91D57-3FB7-4D0B-82F1-56109D65B218,,
112,28130182-25B6-48B4-B49D-4588C762B243,,
113,D520C086-55D9-4ABB-9597-21B6C966A669,,
114,4487C246-168B-4C91-BAC7-DD18BDB0FE69,,
115,DE360110-59CE-4881-B083-6E88009FB671,,
116,52656BBB-3E27-43B7-8163-1A8EB5F824A8,,
117,56174223-8DEB-41C8-B705-5CBF399DC7E7,,
118,9D59A0B7-56B2-480E-AD51-6D4D137BE005,,
119,C48CD261-FE2C-430E-BA88-80C73F6D310A,,
120,1CAE456E-0709-4C95-8BDB-0B52239A3EA0,,
121,4D2326E3-FBB5-4539-9271-6549EF8E98CC,,
122,E5A8FFE8-A831-41B0-BEEC-CC2BBDB1CD76,,
123,A1806441-AC47-464E-AE3F-83779F5E3CC5,,
124,9B27D51D-F628-4687-9E7E-02D21B028958,,
125,1307BE45-963F-41F1-9BD7-FF4113619FD4,,
126,F27BB9F7-50CB-40D9-83FB-D0D46C23570E,,
127,65229D69-BC8C-41AD-86EF-6451B4840BED,,
128,7391DECF-521D-4257-8FEF-FFFB5F77E063,,
129,6E614FCF-747F-4E85-AF46-41E4753D408B,,
130,FEA24823-853F-4A3E-87B9-D7EBA38A8506,,
131,14D40146-4F74-4FA2-B9C5-AEF9C3B06D31,,
132,5F1F4238-6773-4BCC-85F8-AB75301481A6,,
133,28ADC6F0-93F4-4499-B3CE-9567A2B1FA86,,
134,8134EE8B-1BF7-45DB-A642-549C9EF6D378,,
135,E0ED8FCB-439E-4727-AC36-6FF158861166,,
136,992EB23C-28B4-4E71-97AA-135D552AD455,,
137,95463681-BE72-43D8-854E-14111E9ECFA0,,
138,C3763223-1050-4A8C-A357-B1C561A62089,,
139,0E03FE21-195A-4BAD-BEE0-436471F4C306,,
140,D9A4236C-7C02-4480-8424-F45E82D2CEF9,,
141,1AC96070-C470-4D25-94F9-3A1C79860272,,
142,17D6CBBE-055F-42CE-A08A-1B23105B17A4,,
143,DCD61B52-3139-4841-B443-2917670481A2,,
144,98D16ACB-B94B-41CE-A912-482F11F63F4A,,
145,2B1C9D50-FF0D-4B00-AD4D-2216284C3D4F,,
146,B613B9AA-CD0F-4953-AD9D-F9898C5AABA8,,
147,04F18CE9-3AE3-44C4-BCA8-3CE79BFFF2B7,,
148,5A60AC94-01A0-447D-BBA0-620ACA720618,,
149,7E4D1AA1-6B33-4B15-8DD4-119034EAA639,,
150,C584E7BB-564C-4985-8167-3B50EEE412D1,,
151,CBF7A9EE-1419-41D8-9E5D-FA8D842E7D3B,,
152,B7712474-1B33-473B-8AC5-935309BD77E0,,
153,2C64BE56-35EB-48C3-9860-3355122372F5,,
154,B9C9F744-D30A-4F30-A366-63FC77B3C759,,
155,46E71360-C899-42E5-B0DF-629CDA01B28B,,
156,481AC713-BBCD-444E-AC82-A619059FA70E,,
157,A8C3F176-1882-48ED-8009-DB6338F97F71,,
158,856F895C-F446-48CE-8E24-DCF6882E86C7,,
159,60AF8D86-FC8F-4305-AD63-50A980C1D33B,,
160,C6B71B74-57AB-44FC-AAA1-E381FCB27A31,,
161,6222B41F-EFE0-4A6D-8479-293166D82AD8,,
162,E736C2C2-CA17-4142-ADCF-798EA3FB5B6D,,
163,BEF41E8F-B5FF-45EE-8CAB-B10F1DD62E73,,
164,2920000A-5627-4EE4-96A1-97BAE3AB4261,,
165,2BC1FCA8-A28E-4270-B918-B3CAA920A603,,
166,274034B5-55BE-4BFF-BDBB-3661BD30050F,,
167,2456BEC9-1D09-4692-9527-38B2006D3C0E,,
168,D81BBEDD-4377-4168-92CD-84D420753BE6,,
169,20504A0A-E40C-4C33-91D3-C31E170197EC,,
170,5239DDD8-1945-41B3-9A9D-A67691EF3360,,
171,54D44468-ECEA-4EB4-BC45-5D1AA1349EC1,,
172,38F8543B-60BA-401A-B156-C79B903CF5B3,,
173,FF358FD5-76CA-47DF-8EC0-2181F0B5E7F9,,
174,737B8DF6-73DC-4480-98D3-48B88A7BC6E7,,
175,989EF28E-9798-44BF-BB89-505D6EF1F47C,,
176,8F02FC9A-6CDF-4BCD-AFF6-453554887BF0,,
177,93152AB8-C92D-408B-883C-C567E06B8291,,
178,D4D5AE14-4EC0-4A28-AFD3-CF3E0AC1A653,,
179,F98645B9-3243-4160-B041-241AEE08BD57,,
180,4F8D1BFD-7540-4744-8146-BD14FD563DD4,,
181,2A993444-BACA-4D7D-87C1-EB89CC1A6B33,,
182,46DD6AC3-33BD-4AF6-BDF3-BA30948F61BF,,
183,91847AC6-FABF-4B5F-A7CA-4E0C10C39260,,
184,EE716F65-009C-4A0B-96BC-AE41B6A9CAE7,,
185,B57C680E-CD45-4BC9-BBAE-75D3A39EFC2E,,
186,CF046F13-B220-4E09-981A-4BC7BB944BB7,,
187,E2431623-5E8D-43DD-834A-9C4D6CC9DBEB,,
188,B94CC9E4-B0AC-48A9-9AA9-AA6C78690D3F,,
189,9635B78E-BC4E-4A0E-88BB-4DF479EEC581,,
190,049472BA-6C79-4982-907E-97E3D4AA847D,,
191,AC870C8D-F731-419A-9C94-20F9C67C7D18,,
192,9C1F73A0-02E7-4262-B36E-AE056EDD767B,,
193,BD0A7A3B-788E-4C17-B7DA-97740281F410,,
194,6A13E9A3-9D10-4C99-861E-5BB635D57703,,
195,0EA03369-97F8-4E0E-AC3E-6B0C758612DC,,
196,AF7669C8-E3BA-4549-9329-9653CB1A82DF,,
197,D5C2778E-4DC7-4BEA-9F19-3C9D7D841BDB,,
198,3B766E77-6AC3-48F1-904C-F03C2B51D05A,,
199,686460FA-A8C1-4DAA-807A-14A9039E67BC,,
200,56D38CFE-0372-4B47-9CDB-25D1772D6CD9,,
201,DA1A9260-6E0A-4A8F-A881-9598A80E38AF,,
202,D0B36585-3A7E-48A8-97B6-D10911270530,,
203,BE92E5CB-9B4F-4AFC-946D-67AAB610799F,,
204,E5CE5264-9CFE-4392-B4B9-9AC60A1968CF,,
205,20AA4F76-9BD6-4139-AC74-7EFCAC559EA9,,
206,99E28B3A-A12E-496E-B106-3AAB7BE90702,,
207,5A4518AD-2696-4925-B3C9-74207F745569,,
208,653F141D-74E4-4147-A11B-76765A9BA9F4,,
209,BC09F980-60FA-4F7E-A9BD-AE1AE6DD07CD,,
210,7D3D87CA-9999-4881-AD54-A5BB17AF8C98,,
211,23A13ABF-EDEE-4B9B-B28D-49985F887BBE,,
212,2A9A7006-A0D9-4B19-A069-546633052B1A,,
213,79553E04-CD4A-423E-9B5E-FFA986B49B0B,,
214,72289F92-7141-4C5B-B605-B65E673B5F24,,
215,2AEA65B2-CA5B-4D38-81E1-9D481064FA7E,,
216,09286880-A087-4AFA-B4AA-F5DEFCE4C9EA,,
217,3D79A6C2-2184-42D2-BC3C-7230008BCDDC,,
218,570D9CFE-4D4E-44E5-A5A5-A93C920F0033,,
219,9FC4E225-2261-4D9E-B585-64D040C74AE5,,
220,7FDB5717-9A24-4626-8146-C4992DECB322,,
221,B49B15A6-364E-46CF-93F9-351781DF3311,,
222,0FF6CC25-7EF7-4E83-BD57-5C6C75204E85,,
223,BE18537E-47DB-4FD3-BFBC-2691C5FF6630,,
224,B4A165A1-C483-4606-8DAD-7BD0CC5D40F4,,
225,03E69085-4E30-4462-ACEF-6B4FCF799015,,
226,6B071DA2-F387-43C5-9A51-0288A79FBD3B,,
227,4F93AD26-1B38-4710-BB3E-72AEAAD9606A,,
228,EA6EACC9-6D59-4BA1-B35D-033BB338941F,,
229,B53806EB-FB6C-488E-86E2-7AB62596A73D,,
230,B852A21E-55F4-4FEB-8233-17C89FE7E2F6,,
231,3A9E0863-B065-47FB-9292-FB259263AE51,,
232,4E473871-F1AC-401E-886D-13E71BD1B122,,
233,104E2070-1922-4CBC-93A8-60ADA598B309,,
234,2E5AEF78-0AEE-4DB1-BCEB-D06F37CBB80C,,
235,849A27E5-1C3D-47CB-99BD-95458658D579,,
236,785AF515-B2CE-48BA-8DCC-7001743B8F00,,
237,3592BCD6-9952-40B6-922D-9D71F0FF02E4,,
238,949F5E88-1D9E-4467-AA65-0740BF4B6FD1,,
239,251EFE50-DFCA-48C1-9BB0-CE00899BFC1B,,
240,11C8879A-2078-4D07-9369-1A771CEC162C,,
241,371D86E0-A00D-4A8D-B3B0-FD02FAC539BB,,
242,6781A535-7E87-48E2-9880-A4EB71FA7056,,
243,B7C2FD8C-9D12-4D3F-AE47-DD874192373A,,
244,F99FD4CD-0A2E-4521-85FC-BAB1CE9E6590,,
245,3F1FC06B-215C-48B7-ABD8-999045ED7C73,,
246,37172252-4525-4DEC-9A18-8C289F55CDE3,,
247,B9AB0DA6-46E6-498F-A470-3C979523299C,,
248,145ABBD8-1EED-4B16-A032-7DC32699C77D,,
249,399A7690-5232-490C-BCB5-EF27AE74D50B,,
250,060BA854-FA34-4422-880C-48E4B4CCC6B0,,
251,51005B7C-F893-41EF-85B8-670F3AF95481,,
252,AF802B07-1F12-402A-9AC6-889170BBF268,,
253,4978A872-F86F-4768-8619-50C2214A918B,,
254,DD22B36B-6310-45E5-BFA3-A3FA8B011248,,
255,60D56FEA-FD1C-4111-8A2F-B792D90F1B85,,
256,F1D867EF-0BD6-4D72-B25E-BE7340BB5A7F,,
257,E2B20A26-C97B-49E7-A296-451D4B66B826,,
258,06B83FBB-6AFF-436F-BDAD-CE505019ACFA,,
259,4A47644B-791C-4730-A674-BBDF8F1E2572,,
260,87E5492D-D5D1-4BF9-99B9-A28C06962F79,,
261,0FFDE646-A4BC-4E3C-887E-7D68686F17EB,,
262,A030254B-C962-4C9F-AB31-60D677DC6D67,,
263,4CE1F2E4-2858-4D8D-AC9A-224373E7C989,,
264,341846BF-994C-4CCB-BA25-700A2C889AF0,,
265,BF39756B-ECB7-4F56-8691-86F0367E3A9A,,
266,BDD3D39A-345B-4255-83DC-D40B275E8DC4,,
267,F1BB8BAE-26BE-4393-B645-BD57433F23EF,,
268,39AB6B93-7509-41C0-8B71-5DE0FD36D20E,,
269,0B58C1B8-4AD5-4387-90D8-59377B3563BD,,
270,BD1BDD93-7636-4D27-9F9A-4E4F9161A5CA,,
271,902B539B-5514-494A-AA9D-6E579E6D4B4E,,
272,EA1D2450-F611-4A25-8CFB-ADC7D5EACBF7,,
273,6CACF8C9-1D2E-4E71-95AA-EB407C4E4E48,,
274,5B7521EF-0A3B-4AC4-BE48-95257613E54E,,
275,C2E17658-6700-4321-9F5B-A8B8165E694E,,
276,E8DE4D9D-34D6-4E06-B07C-9F9EB1A0F2A2,,
277,542B2870-9ACE-4C68-A062-AF547DFF43B0,,
278,4841333F-0CC9-4BC3-AD25-28FE37EBF4F2,,
279,DBA6797B-7E6A-47FA-B981-BF5A0A682091,,
280,F13D3751-3AA0-4DCD-9186-EB805938B61A,,
281,E9F957BE-7397-45EF-A0C2-896DA1681510,,
282,C12F6A92-D395-4C86-883F-666F9228569D,,
283,0996B091-20E9-4A6A-8774-5C1FD0C92CB3,,
284,80FCC79D-599E-4C02-BCDC-B96AE8CF16DE,,
285,932759AE-F2AE-4386-993C-FBF2FA1B8F3E,,
286,D7855063-F981-4DC2-B73F-2E8CDA42A384,,
287,9C1FBC50-9364-4440-80E3-93608303D5B6,,
288,1708C0D1-7885-4AC2-B3EF-4B8D3477840E,,
289,642FD4AB-288B-43E9-9556-A332C7B00C9B,,
290,B1C3E0F5-6778-4F1E-AAFE-2EE3B0913145,,
291,180F9528-1A5E-42E9-8AFB-1538B0DFD163,,
292,CF2A2E55-018C-4822-AC5C-F33315A13B99,,
293,7FDE7F60-8117-4CD1-B285-DEA14C06148B,,
294,2702FD00-4F1F-490C-A958-B8C9DBB4AB63,,
295,C597834E-CFB8-494F-B1F3-EA7F6D3C23F9,,
296,617F3D1E-1151-498A-9FA6-F1CEF7BDD3C5,,
297,53AF2655-A892-4834-836A-1F372D396055,,
298,71C58391-D8AB-464F-8288-41CE86D28E09,,
299,B668E778-A189-4210-8E8F-901407125FF3,,
300,C2F16456-C0C0-4280-B646-82F86A535171,,
301,6CBDA7A7-EB7E-4CE5-9982-6AF0740E9373,,
302,031AFF5A-D4D8-46C4-A2A9-82376B8A11EF,,
303,42D976C4-8F34-448D-8330-119A7526685D,,
304,A662F598-1370-4620-BC5C-4C27D465C582,,
305,D1C64CD0-9E21-486D-85D8-4AE9A1EC1313,,
306,3DE4F1C1-8EC5-418D-9B5B-D67078F2EA5E,,
307,8F12948C-811E-4B75-BCE8-BF804F706BCB,,
308,DD9378D5-28E2-44E6-ABB8-36709E942830,,
309,6FB95CFF-C743-41D7-B851-AD6EF0BE42BB,,
310,ACDABCA5-A7D1-47D8-AEF4-355C731EAED9,,
311,ABB375C1-3856-416B-83D9-CAF1047E26D7,,
312,17826517-CB95-4640-885C-4C7154A8EB1B,,
313,8DFE9696-1755-4779-88DF-3DD494132BCE,,
314,08D2B39F-D478-452E-893F-DAB76E65A370,,
315,D6545D64-4D7B-4241-977D-C4281B988A67,,
316,AA0DEC29-8970-4AAF-B502-85A57F3B3BC7,,
317,C3047B94-AAD6-42AD-BC75-4405914FF765,,
318,C89D920F-59CA-4650-9263-92D0CE328C21,,
319,B2ED362D-9E7B-4AA4-A770-39C85449A029,,
320,45D9F521-5749-48F6-8B32-22139D0CDEB9,,
321,F18D6EA6-8C5A-4E68-8F1C-5C67FA4EBD42,,
322,E923C4EC-D334-487E-8474-AD1C340E8E08,,
323,ABE9442C-453C-479E-945D-59D8ABCB5E8A,,
324,95C8B009-603E-4B3B-AC13-F4E5937EAA14,,
325,F635239F-47AC-419F-83E6-B4B684B3A815,,
326,BD12FD9A-C264-492E-A745-C8928A8FBC95,,
327,2A88489D-5B58-43DC-A6D5-31D775BDA757,,
328,E80A55DB-E90B-4BAC-97EC-3FE1048E12B0,,
329,CC0E1010-1B3D-4FFB-BDDF-A022238CA9B8,,
330,C22D3A0F-6F7D-42EB-9485-116C29A30052,,
331,A88C49D7-8D2E-46F9-B1FB-BA23BA6B0DB9,,
332,449DAD36-84B2-4349-91BB-FC94AC5FB9B3,,
333,F2E2EA1C-0FBC-444E-9282-6B5C689A88E1,,
334,02065575-D8B1-4BF0-8D6B-4FA4C6BD75A9,,
335,4E01E528-1232-4659-82DD-05841D9D8E25,,
336,1C56C0C3-0219-4D54-A4AB-AFAEF31982B0,,
337,C1F6B520-1FD4-4CF5-BFF6-DBEF0D21C29A,,
338,0ADE98A8-4560-45C9-9AAD-396394E683C1,,
339,E5BE2824-054B-4D67-8EF0-2FAFEBA03DA7,,
340,F1694E95-F746-4BA1-8356-5C56B908471E,,
341,BE527ABE-047D-48F4-8F68-C9F1FDEC65E2,,
342,B32CC379-2DD1-4161-8312-79597E0FD7F2,,
343,F3F63530-A0F5-4D0E-8D18-7F4383B6A309,,
344,C15B4B3A-8829-41EF-ADB9-A7C6CA10189B,,
345,9D5AA451-9B0A-4629-9F4F-003C033C122B,,
346,2BC3F663-FC98-473B-AB36-21AAD15D38E9,,
347,2180B799-3B70-41B1-A1C4-D5FC7C6FD207,,
348,871FE29A-4878-4486-AC24-71B3C3028457,,
349,BF8F07B9-5F79-42DF-A50B-E9B3C6BA35C3,,
350,AEDF6101-32D2-4AE8-81D3-5FA609465416,,
351,0044FA7C-BE66-4CF0-9DA8-DFB9518F74C2,,
352,92905901-97E4-4D7D-A95F-52F39B4152A6,,
353,23515CDA-1131-4847-85E9-E42C1A50CFFF,,
354,5371FD0B-D78C-4A18-AC08-52B2296CA7C0,,
355,D7DB1CB7-C231-42F4-80E3-DBB684094533,,
356,D23D52EE-52EE-423A-BAF4-F8080EBFDBCC,,
357,292B8EF7-8E01-45EE-AA7F-E27A15EB2796,,
358,D448060D-ED8B-4BF3-BDAE-A8912AC8CC26,,
359,42B7064E-E1CA-45DE-A1C3-9D2CF7D35864,,
360,F632A5AC-B826-402F-B6C0-458A39516BBF,,
361,EE28794C-A6D6-4A76-82D4-E466779541B3,,
362,832C814C-9184-48CA-ACEB-90678AFD3FD6,,
363,4976B4E9-7C7C-49C4-B40D-AAF225262130,,
364,491AB82D-40D7-4BE0-B2C1-107E8CEE4775,,
365,5C81E60A-8B99-4DA2-998C-8BC1FAD1CCD9,,
366,0C400E0A-5BD7-4888-B169-062B1E33124C,,
367,793B915C-6C04-4F4D-9A5E-63E07DFD66AE,,
368,E0A4DECC-AF33-413C-A5FB-E4DF6EE9E859,,
369,D1A541FD-0143-440D-85E2-F7114D337F01,,
370,7B1B52F8-9497-4575-8EFD-83556F8B8922,,
371,C9B2ED63-E977-41FA-A401-70A74BB59135,,
372,7A255BDE-5CE9-4C29-89D6-9064E333689F,,
373,25FB0B6C-17E2-4828-8E08-36455D1987F5,,
374,F28F3AD0-9F35-4365-A1F1-A4B01E2036F5,,
375,6795455F-67C0-4CBA-9837-B185F0E82B58,,
376,3F071C8F-3E97-437A-A9F5-85C152C695F5,,
377,BD82B218-0B8C-476B-951F-252A7141F4D3,,
378,5D78CB62-F45C-4601-A363-F623E98D7885,,
379,DFFB9FB4-AF82-4AB6-AE36-BCDF242FC1B3,,
380,51F2B1CC-E792-4AA1-BDC1-7212724D8C8D,,
381,B51F9798-ACEF-48F0-A178-1561C74229FD,,
382,5AB0F734-E649-4443-A0F9-DDD4007A3AF1,,
383,65730A49-42B6-402F-A833-73E050722988,,
384,C0991E55-1A8F-460D-AE2C-D6BFC17B7744,,
385,57B1BA04-4CBE-4171-931E-9D7B2D6A6233,,
386,16FDEA0E-668B-46EC-AC1D-54505D4406D2,,
387,738B71ED-9BD8-483C-AA4A-9BCB583D0236,,
388,7AB84AC0-E711-400B-9F20-30CBAA25F42C,,
389,8A921D13-0169-4EAC-967D-576612948233,,
390,BEEFC089-561F-4412-8AE2-A487C0F60E0B,,
391,CC53B146-260F-48DB-9C4B-97AF16A92658,,
392,BA33D42F-BF40-49FA-8106-F6323BDEEF13,,
393,E343EB9E-C7CA-4707-8B2A-751A28E3FF5F,,
394,9F4ED239-C3B0-4018-B3A1-BF0401199614,,
395,74C0CEB4-7562-4F6E-8ABA-6177C7ABB3BC,,
396,511B6ECD-8A39-4733-BA15-BF5260EB9911,,
397,98A00BE2-21AF-49B5-96FC-E6BD4C207D67,,
398,D33A46BB-6888-4392-996E-FE65611A9C72,,
399,5119A1F0-49DA-432B-A2B3-1698A5F7676B,,
400,3DED921D-60E1-4EB9-B749-0B38A62365D6,,
401,6D757FFD-80AD-4A09-9E29-F13FE8F7F481,,
402,4518538A-8583-4E4A-8E66-FD3F110C7C0D,,
403,C7DA5758-B775-41C6-99DA-1DA6EDB494A3,,
404,56684B15-D2D3-4120-8DD9-FA28E416F0FB,,
405,31F6540B-F6D9-49FF-9811-4518303B5CBB,,
406,5E087BAA-B469-45AC-9F9E-70252F0AEC2D,,
407,51053D36-9D40-45F1-9960-73E356FCBC9C,,
408,1FE4643F-FA89-47A5-BDC6-50F678669D99,,
409,5298DD29-D9CB-490E-B3CF-311D2B9F3F57,,
410,BDDEFC92-F6F9-4560-92A1-F5F2ABCB7DBB,,
411,534123F0-02E9-4B08-9D42-E226FCA68C57,,
412,49B41A33-DB9F-43B1-9532-8A770C3BCECF,,
413,E67553C4-CBFB-4121-9A33-CB4E0148D214,,
414,2250C39A-E3D6-4B79-809E-22CA3C910D05,,
415,0E24ACED-CA11-404D-ABE0-13953A665B7B,,
416,499502DF-3DFC-426B-95F9-8D5224AB266F,,
417,463C798B-05D9-4958-93B2-73257C734827,,
418,4EEE4C8E-9AE2-4969-884E-4F9B1E45ECC9,,
419,45442F93-E626-4D8A-912B-45E0ED42BE60,,
420,0880DA44-AEEF-46C3-9A5C-E145CBC0FF34,,
421,D3F46B79-63F2-4E02-A8B1-C88379E77384,,
422,651AE2F2-4EAC-4081-ACC0-85F1FBA8860F,,
423,9AC53203-C68C-4A4D-9625-C631F0C98434,,
424,86B96A2A-A0D6-47C9-9A88-6694187B1716,,
425,9AF77BE4-C259-4667-867B-571CA9933CDA,,
426,E11314B5-31EB-4246-98CA-1E7CC240F9FA,,
427,DDA9675D-348A-4F41-A1BB-5E90541489FB,,
428,6EBA9F6E-6E36-481C-A716-21C5247289A8,,
429,1081838C-9724-4213-8E8B-96DC5707EA8B,,
430,498FD9C1-1BBB-4777-BE3D-45DB2E28E36D,,
431,8ACF6EF9-B2C9-4B08-AD57-089603AB616F,,
432,6D7671FA-C8B2-43AB-91AA-E448EC39834B,,
433,CFB0CC13-9FBF-406E-98E9-043BB9209C2F,,
434,7807B668-F9F2-488C-8B7E-92976D89A245,,
435,02F9D88F-88BD-4CA5-85B8-9234FD3E65B0,,
436,4B40B780-4B19-491D-8812-49AEF33CCAA6,,
437,F1E98674-20D2-4285-8138-EC8E4F3821FD,,
438,564A60D2-5DAC-4D5B-A818-622B4A22F84A,,
439,8AE71B6A-20DA-495D-B982-390451757CAD,,
440,B5C40575-509B-461C-B6A8-10A1509BF643,,
441,781A80C4-D232-41D2-AF7E-23B7676A9355,,
442,70F99254-F4CB-4E13-9956-A5DE2B9D3DD1,,
443,D7843C78-6351-443D-BDDF-8FCCA752E81A,,
444,106DD4A0-5218-4FCF-9E72-A11BFC702C12,,
445,3826D077-BF33-457F-8B9F-9CAAFD1CCAF2,,
446,6D34D75A-268E-4EB1-9C59-BF89CAC52D56,,
447,DBB49E20-8449-484C-8759-D051C3769BEC,,
448,1E8D3C3C-F6A2-469C-B508-C935E28B9401,,
449,D0F2EFDB-58A4-4701-A943-29A1EA010FEF,,
450,42AFBD96-8636-4447-9D22-7D48E93C072F,,
451,6BD65A35-2844-4008-8500-C9F71A419279,,
452,B587B45D-B0F1-44B4-9AC9-5A1B34C6F687,,
453,827FE5FF-E13B-4360-8C0F-EEF7F0DD032B,,
454,2F512D8E-7AC4-43F5-88C5-DC9BAAE1890D,,
455,FA077222-60DF-4011-96BD-7C91979D094C,,
456,9C13E1A3-3A06-4E7D-8A4C-5CF42DB813AA,,
457,ECB7D7C0-FF7A-45F3-849C-F5FE40C1BFF0,,
458,3EF2F402-A8CB-43E1-B4DD-184162A09D18,,
459,B9211FD7-9590-4404-9EBE-95BFED730C21,,
460,76BA20BD-3FF0-4779-BC08-EBEB641502AE,,
461,E2B2FE97-7CED-4A45-9962-94A582A04EA5,,
462,0000C99F-AC7A-4908-84E3-EE665869A09C,,
463,6C962FB1-C3CE-4A42-B162-9E2A9E49184F,,
464,8C199965-954D-44E7-963E-A21FAEB2AC70,,
465,05150041-9E79-48F5-B53E-2578917E89C8,,
466,E7BD628B-896B-4368-A131-9C1BD0985F08,,
467,2B9572D8-54FD-4F5C-84AD-75D94D51072A,,
468,9AD8C89F-6742-4D9B-B819-2D676642739C,,
469,AA650DC7-1986-4368-A0E8-4DA20FD540DF,,
470,2A79FDCE-C130-4EE7-B070-F358088FA07E,,
471,1D1B98E5-7B98-4B6A-876B-3EE7E1807381,,
472,ABF253FB-03E1-4DBD-8C2B-9BF18B98ECC2,,
473,4BB4453C-99D4-4152-AFFA-3B0CED652A86,,
474,D466972F-DA25-427E-96D6-7BBC522E7EAE,,
475,5EDF66C6-F5BE-447E-89FA-E864AF6AA2E0,,
476,437CCE2E-8F84-482C-8317-60EC16D3DEE9,,
477,8815CEC7-F027-483D-A588-75023E7D774E,,
478,A4A33C96-BB05-4202-BDB4-0D215364A315,,
479,89CFCBB3-FA69-4405-AC4D-184ED5960678,,
480,5CCC735E-FA11-4AAD-80C8-23E365253AC0,,
481,589BBEFF-F069-4307-B7CD-15CA75DFC2C1,,
482,AC3F4847-3D3F-4CDD-AC58-A53DAA7D3691,,
483,1C77DE7E-C2F4-4AEE-9C29-3F4F39ED3FB8,,
484,C1038851-39EF-4754-B924-49B26259A2EB,,
485,6608BF02-6CFD-4CF6-8722-871A83A351E0,,
486,40A56349-8884-485F-9C35-14C10F3FEC2F,,
487,6313F9D8-FE05-49C7-B802-8091C5C68CB3,,
488,5EBAB5AF-6CAC-4A72-AC10-79C1386240A1,,
489,22FE84E4-04BD-4641-8858-9004AB9127C3,,
490,10120F3B-9833-4DB1-A28C-4FE0FE4AC7CF,,
491,39559A19-339D-4C7D-BB70-C2B6BA097FC8,,
492,20851821-A269-4C70-AFEA-DBA4BA6337EE,,
493,7A7958C8-75BD-498B-9DFA-6415BAF2AC0D,,
494,B3325223-BE39-4B16-AA0D-A7512D6D2D6F,,
495,2EFA1AC0-95A1-4FA1-8019-5C6BA8D8CB33,,
496,D99C03AA-0909-409B-9FA4-EC2ECFB0A488,,
497,D3E5F76A-551D-4EBB-8976-C8E6B0B64B14,,
498,620C8F16-0EBD-45CC-9ED1-CD57BECFAB44,,
499,78B4D8B3-E1DC-43B4-A4F7-157750E36E6D,,
500,901371CB-A9FC-44E4-BC5F-283FBCDBEDD8,,
501,B92A18FE-A890-452A-97ED-58F1548A91A0,,
502,5C53A913-F5C9-48FA-B377-E9000D1BEA74,,
503,6613A378-056D-46AB-9C19-C2636ABFA4A3,,
504,89136DD7-A738-49A1-AB0E-8AA0E4FDD1D9,,
505,BB40DE78-61DE-47B1-9DDE-0D624EC3644E,,
506,BBE869EC-1206-4946-9F8D-D03FB30C8561,,
507,DB497C08-1751-4528-9365-0124602CC0CB,,
508,65CF1D6E-6B7A-4F39-A931-448B7D3F8246,,
509,631ECB01-9DD6-424B-B4EA-A7856E7F01FC,,
510,7DE53151-1E54-4270-8F08-EB10928C85A9,,
511,C60D415C-5869-49BF-A90F-DE097A44B939,,
512,88EE2BF7-B0BF-44D3-B088-95038F955A63,,
513,2FD928CF-F48F-4CF7-8FD4-C455D45CA2D8,,
514,54678751-CCE4-4372-86A1-FEF267278055,,
515,6B668D19-0F05-4604-8590-FBA41796513F,,
516,A62F52DC-808F-4BDB-A6F4-7D0B0632F4E7,,
517,A1811E70-8B50-4484-A0AD-1EFFED18352A,,
518,765E8641-66CE-49E4-9B96-7DF3764DE99E,,
519,A1FAE736-226A-42D1-801D-9A8AE03BD1B7,,
520,A88FA6BC-A6AA-4FA9-B264-5136926B80E0,,
521,E0522D1D-64D6-42BF-8E7A-FE0C14B3DD7E,,
522,0B39739D-02F4-4C1B-BCA1-1F0EF3CD85F0,,
523,C44E89BA-E5FA-40FA-8EAA-01DCCB2345DD,,
524,04AC9CF8-7C27-46E6-876E-4CD991BF9010,,
525,EE8423BD-EC11-4C05-8366-9A03FA48C834,,
526,4D37F63A-4689-4AD8-AD6A-473AF9BF0430,,
527,CFF2A92E-D4B6-4668-930C-A90CC1D5D1D7,,
528,84E7CFBD-48E3-455B-85C8-768AEE1149AA,,
529,A84B3A58-1C8B-48EE-BF70-8426BBB1CBB9,,
530,844711BA-C848-484A-B538-F4675F3F0AF8,,
531,E600E6F2-D9B7-4A87-96E3-1D3AE904E4D4,,
532,F63EEF19-BFE7-4DA0-894E-1D6A1BD95BA2,,
533,04347B24-6732-447A-9540-2067B1538FC7,,
534,F65FC669-1959-4585-AD72-ADDF2B363368,,
535,46E8D524-71C1-46EE-A112-C78F8EE23629,,
536,DFC91F17-30B3-4B23-8C50-E63984EF9A12,,
537,BAA06261-734F-4EAA-97DE-BDBD357B82FC,,
538,38869563-9B24-4F1C-86BB-7D84CC147A12,,
539,8A74519C-1667-4EE5-8A62-FE031F3E7EF4,,
540,1949777D-EC76-4DFC-B779-FF76FB2CBA1A,,
541,99E85DD6-2DC7-4FEB-A460-6E0610F35ED8,,
542,9ADFBC2B-0BD1-4816-9332-761B29362178,,
543,E917A1D9-19A0-443D-BEF0-2A1E04D381E3,,
544,D698250C-1AEE-4A09-9887-9CA51151B42C,,
545,24F1510E-81F5-407F-AA46-ECF7F3935811,,
546,48C17842-B446-43C9-B49D-07E53710582A,,
547,B8EA5FF1-1BCF-4EF8-8FCD-21A393D33E78,,
548,A16DCA4C-EABF-40A9-9362-12E834FA1E56,,
549,F80C86D8-8EEA-41E6-9A96-A03C15220BEC,,
550,8311BF4D-465F-47AA-ACAB-E937F2937BBD,,
551,9CB08CE8-5BBB-466C-9600-1EC4273A1308,,
552,FD21AC5A-D8D2-4131-A3A5-9E67430F0BC6,,
553,0A4AA0EB-04DC-4328-AD36-62EB7037B5BA,,
554,18EAB036-AF5D-4B35-83F9-F4BD33E8C226,,
555,7B98501C-C0C0-4C9D-BE6C-6FBE4B456C8A,,
556,88459B38-A08E-4214-9097-315053C7C815,,
557,2295D289-9036-4C91-89ED-F0FE064B77E6,,
558,6D91DBEF-DE81-4BFC-8B94-D0B87EFAEF1A,,
559,76A11527-5436-4862-95EE-7CE07D9774C2,,
560,272B8658-8219-4954-9EFC-6C37788E3EEE,,
561,5F578D1F-4604-4C2F-9AC9-1A1670785ACD,,
562,62E9BF39-9088-411A-BB61-B6054446F00B,,
563,7D460CAD-F834-4D87-8505-11D3E4A63D86,,
564,08E2032F-E452-4AD1-936D-C64371FFAD37,,
565,94BCB46B-F231-4EBC-819B-5D31870427AF,,
566,C4672DD0-C16A-4495-8758-698BAD267F0E,,
567,AC1A6DF5-515D-45AF-9BE0-14D25B105D67,,
568,AA12AFB6-CE99-4CE2-B890-BC10885972C7,,
569,73A970C4-7BF9-4653-9482-9221122FCF9D,,
570,33FF03B0-4CFD-47A0-87FA-CDF4C79F5D8E,,
571,1977D0EB-1259-49A6-8C0A-925D4452DEC6,,
572,C0B98667-4A28-4891-95AA-198E844B279C,,
573,46545BFE-B09E-4653-A7B0-496FC4FCEE4D,,
574,9F97E1FA-25CC-40AA-906F-ED9F92DAA6ED,,
575,975F2279-1D3E-44A6-A617-B67E92E37128,,
576,F765AFA4-6342-4D60-B97C-E2B5E4FE6852,,
577,3F26D57D-4160-48EE-9A89-2CE03C910906,,
578,1F36D11A-0989-4B39-8F64-2C484434436E,,
579,D37FA970-4E2E-436F-AF94-2F37C10A3B3A,,
580,DCF69B50-7969-4589-9DB9-C359B56FFCF3,,
581,E45E1E75-50B7-4044-9997-2A39F3D53470,,
582,42E86E4B-467F-49E2-ADB2-3C8DD1160D26,,
583,4EE431E4-46E9-4FFE-B41B-37B86AE54074,,
584,491898C2-EF7E-4A7C-A0D2-0D6C982E6BE6,,
585,5D6EECA1-6E06-4AF0-9D20-EE67F7F48020,,
586,DFA9BE73-72AC-412D-8273-74D668DA6B10,,
587,610384B7-4E0B-4E54-A439-66B31E40C026,,
588,FD435622-C81A-44A4-9D86-AF0BEFC2A298,,
589,74908D6E-E373-49A0-83C5-C020A52D990E,,
590,493B3E3B-2FA2-4BD7-9049-87D1C7A91DC8,,
591,727E3619-C724-48BF-B0A0-F4ED363F4897,,
592,EE8144BA-7A47-4991-B757-EAAEEE6EFFD3,,
